{
  "profiler": [
    {
      "navn": "Ola",
      "alder": 20,
      "kjønn": "mann",
      "bosted": "Lillehamar",
      "interesser": "Teknologi, fotball, gaming",
      "bilde": "./images/man1.jpg"
    },
    {
      "navn": "Anders",
      "alder": 25,
      "kjønn": "mann",
      "bosted": "Hamar",
      "interesser": "Musikk",
      "bilde": "./images/man2.jpg"
    },
    {
      "navn": "Thorvald",
      "alder": 34,
      "kjønn": "mann",
      "bosted": "Oslo",
      "interesser": "Biler, båter, vin",
      "bilde": "./images/man3.JPG"
    },
    {
      "navn": "Ronja",
      "alder": 32,
      "kjønn": "kvinne",
      "bosted": "Oslo",
      "interesser": "Biler, vin, interiør",
      "bilde": "./images/woman1.jpg"
    },
    {
      "navn": "Lene",
      "alder": 18,
      "kjønn": "kvinne",
      "bosted": "Gol",
      "interesser": "Bondelivet, traktor",
      "bilde": "./images/woman2.jpg"
    },
    {
      "navn": "Silje",
      "alder": 27,
      "kjønn": "kvinne",
      "bosted": "Hamar",
      "interesser": "Teknologi, mote",
      "bilde": "./images/woman3.jpg"
    }
  ]
}
